product_id,product_name,unit_profit,Material,Time,Energy
J001,Grinding,61,3.17,76,11.42
J002,Grinding,104,3.35,79,6.61
J003,Additive,46,2.29,56,11.11
J004,Grinding,79,1.76,106,12.5
J005,Lathe,50,1.9,46,8.13
J006,Additive,67,4.86,100,13.83
J007,Milling,14,4.67,22,14.2
J008,Grinding,53,1.57,79,13.86
J009,Drilling,42,3.49,42,8.97
J010,Drilling,58,2.1,27,3.66
J011,Lathe,59,3.02,65,9.98
J012,Grinding,31,2.71,28,8.08
J013,Lathe,66,3.1,43,5.55
J014,Additive,372,2.33,112,2.01
J015,Additive,223,3.92,104,3.67
J016,Additive,49,2.09,65,12.29
J017,Lathe,110,4.3,115,9.44
J018,Lathe,46,2.25,55,10.95
J019,Milling,122,4.62,52,3.27
J020,Lathe,28,1.39,42,14.19
J021,Milling,73,3.95,107,13.73
J022,Additive,125,3.3,64,4.14
J023,Drilling,68,4.86,98,13.49
J024,Grinding,86,1.84,84,8.81
J025,Lathe,195,1.84,119,5.1
J026,Additive,43,1.14,21,3.89
J027,Lathe,71,4.03,87,11.34
J028,Milling,180,3.21,93,4.16
J029,Milling,182,3.47,116,5.39
J030,Grinding,58,4.62,66,10.36
J031,Grinding,88,1.7,37,3.21
J032,Drilling,132,3.02,78,4.93
J033,Lathe,114,3.7,103,8.02
J034,Grinding,81,1.47,110,12.52
J035,Drilling,36,2.05,47,12.12
J036,Additive,173,1.76,99,4.72
J037,Milling,56,4.6,79,13.17
J038,Grinding,72,4.77,43,4.98
J039,Drilling,41,4.06,48,10.65
J040,Lathe,46,2.29,50,9.94
J041,Milling,70,1.15,88,11.64
J042,Additive,33,1.55,48,13.57
J043,Additive,136,4.84,75,4.53
J044,Lathe,163,1.82,109,5.67
J045,Milling,194,3.52,78,3.03
J046,Milling,37,4.52,30,7.15
J047,Drilling,23,1.9,25,10.09
J048,Lathe,146,3.67,75,4.12
J049,Lathe,39,4.43,33,7.55
J050,Lathe,254,1.42,104,3.09
J051,Lathe,29,4.25,24,7.26
J052,Grinding,23,3.91,23,9.2
J053,Lathe,168,1.85,97,4.77
J054,Drilling,84,2.79,64,6.66
J055,Drilling,82,4.61,116,13.1
J056,Drilling,81,4.2,104,11.91
J057,Additive,41,1.04,31,6.53
J058,Grinding,88,1.03,83,8.42
J059,Additive,88,3.62,62,6.06
J060,Milling,68,3.29,66,8.69
J061,Lathe,138,3.03,110,6.98
J062,Lathe,90,2.47,98,9.93
J063,Lathe,50,3.2,47,8.4
J064,Lathe,84,4.81,71,7.42
J065,Grinding,29,2.71,23,6.8
J066,Drilling,168,3.47,52,2.09
J067,Lathe,48,3.28,23,3.79
J068,Lathe,109,3.48,116,9.64
J069,Additive,27,2.61,29,9.58
J070,Drilling,156,3.37,54,2.46
J071,Milling,30,2.62,25,7.29
J072,Grinding,96,3.52,68,6.05
J073,Drilling,89,4.17,112,11.57
J074,Milling,47,3.72,65,12.97
J075,Additive,100,3.55,85,7.52
J076,Milling,90,1.99,99,10.01
J077,Milling,73,3.46,62,7.46
J078,Milling,334,2.08,107,2.2
J079,Milling,100,4.55,84,7.43
J080,Grinding,52,2.11,82,14.62
J081,Additive,54,4.01,69,11.72
J082,Drilling,17,1.73,24,13.39
J083,Drilling,45,4.15,59,12.15
J084,Drilling,62,1.19,77,11.36
J085,Lathe,101,3.38,44,3.35
J086,Drilling,51,2.77,77,14.07
J087,Lathe,37,2.33,59,14.83
J088,Additive,57,1.36,60,9.56
J089,Grinding,36,4.66,55,14.16
J090,Lathe,20,2.38,27,12.34
J091,Grinding,38,4.86,60,14.6
J092,Milling,98,4.85,90,8.14
J093,Lathe,79,1.63,86,9.92
J094,Lathe,59,4.43,51,7.61
J095,Lathe,111,3.43,113,9.22
J096,Milling,94,4.18,110,10.67
J097,Drilling,119,3.88,57,3.8
J098,Grinding,59,3.87,91,14.55
J099,Additive,79,1.79,33,3.17
J100,Grinding,20,2.71,27,12.24
J1000,Additive,227,1.32,111,3.88
J101,Additive,65,4.8,37,4.73
J102,Grinding,71,4.96,110,14.56
J103,Lathe,96,2.54,105,9.97
J104,Milling,66,3.6,62,8.45
J105,Grinding,29,1.85,43,13.65
J106,Grinding,109,4.58,107,8.8
J107,Grinding,72,3.86,103,13.37
J108,Lathe,49,3.28,78,14.78
J109,Lathe,166,3.19,102,5.14
J110,Additive,104,3.17,107,9.31
J111,Drilling,83,2.87,119,13.26
J112,Lathe,91,3.71,74,7.12
J113,Drilling,317,3.77,103,2.25
J114,Lathe,216,1.26,116,4.36
J115,Lathe,109,1.32,114,9.49
J116,Milling,115,2.11,77,5.69
J117,Grinding,105,1.57,67,5.41
J118,Lathe,52,1.14,68,12.12
J119,Drilling,77,1.09,58,6.55
J120,Lathe,51,1.22,33,5.5
J121,Additive,43,4.13,39,8.06
J122,Grinding,117,3.22,102,7.75
J123,Grinding,91,2.65,85,8.35
J124,Grinding,74,4.75,40,4.42
J125,Additive,166,2.43,76,3.58
J126,Milling,115,3.12,70,5.07
J127,Additive,34,4.22,27,6.94
J128,Grinding,36,3.24,40,10.06
J129,Grinding,51,2.07,45,7.75
J130,Milling,223,1.1,78,2.49
J131,Drilling,133,3.55,78,4.87
J132,Additive,60,4.64,70,10.68
J133,Drilling,113,4.42,85,6.51
J134,Lathe,51,2.8,71,13.03
J135,Drilling,25,4.64,23,8.31
J136,Drilling,217,4.7,78,2.59
J137,Lathe,71,2.86,91,11.79
J138,Grinding,52,4.14,65,11.48
J139,Additive,82,4.04,45,4.48
J140,Drilling,105,2.58,100,8.54
J141,Drilling,143,2.45,100,6.0
J142,Lathe,232,2.69,110,3.75
J143,Additive,62,4.02,33,4.28
J144,Milling,65,2.1,47,6.24
J145,Lathe,27,4.02,22,7.26
J146,Grinding,193,2.02,62,2.21
J147,Lathe,24,3.73,29,11.1
J148,Lathe,37,3.74,39,9.65
J149,Lathe,78,4.46,100,11.84
J150,Grinding,40,4.97,53,12.4
J151,Additive,14,4.41,20,13.63
J152,Milling,103,1.82,106,9.32
J153,Lathe,102,1.73,66,5.45
J154,Grinding,128,2.11,111,7.67
J155,Drilling,37,3.57,40,9.87
J156,Milling,44,4.14,69,14.55
J157,Grinding,64,1.01,59,8.16
J158,Drilling,130,3.55,113,7.69
J159,Milling,115,1.15,46,3.01
J160,Milling,112,4.25,118,9.57
J161,Milling,48,3.8,54,10.3
J162,Additive,46,2.25,58,11.7
J163,Milling,38,4.4,43,10.4
J164,Additive,107,4.35,56,4.22
J165,Milling,35,3.28,29,7.32
J166,Additive,49,3.71,61,11.52
J167,Grinding,43,1.29,35,7.2
J168,Grinding,27,4.51,37,12.54
J169,Lathe,28,1.36,23,7.11
J170,Milling,325,3.54,102,2.14
J171,Drilling,49,2.58,72,13.69
J172,Lathe,64,3.08,81,11.61
J173,Additive,49,1.85,64,12.14
J174,Additive,84,2.44,113,12.49
J175,Lathe,44,4.82,40,8.16
J176,Milling,276,2.39,100,2.62
J177,Drilling,96,3.51,97,9.08
J178,Drilling,71,4.43,82,10.58
J179,Lathe,63,1.58,95,14.17
J180,Additive,145,3.46,69,3.76
J181,Drilling,128,3.55,95,6.4
J182,Milling,109,1.49,79,6.22
J183,Drilling,80,4.11,106,12.25
J184,Additive,83,3.52,89,9.7
J185,Grinding,71,2.0,50,6.07
J186,Milling,53,1.25,70,12.13
J187,Additive,97,1.27,110,10.29
J188,Grinding,88,2.61,90,9.18
J189,Drilling,40,3.38,50,11.6
J190,Milling,44,1.94,50,10.25
J191,Milling,167,4.16,114,5.81
J192,Drilling,126,1.04,100,6.93
J193,Drilling,53,4.82,80,14.08
J194,Lathe,58,4.81,57,8.84
J195,Drilling,106,2.53,88,7.32
J196,Drilling,57,1.48,56,8.84
J197,Drilling,20,1.01,21,9.75
J198,Milling,214,2.33,74,2.46
J199,Lathe,105,4.52,90,7.61
J200,Lathe,94,2.04,84,7.96
J201,Additive,51,2.14,52,9.24
J202,Drilling,74,4.62,82,10.12
J203,Additive,127,1.91,61,3.81
J204,Grinding,163,1.66,113,5.93
J205,Milling,80,1.02,89,10.18
J206,Grinding,218,2.5,89,3.08
J207,Milling,46,3.41,21,3.53
J208,Grinding,33,3.27,20,5.06
J209,Grinding,82,2.34,106,11.95
J210,Drilling,66,1.1,76,10.49
J211,Milling,27,1.66,25,8.39
J212,Milling,182,1.45,96,4.27
J213,Grinding,97,1.04,53,4.49
J214,Grinding,64,2.39,36,4.59
J215,Milling,61,4.79,43,6.1
J216,Lathe,37,3.51,42,10.46
J217,Grinding,190,3.35,109,4.75
J218,Additive,60,2.58,71,10.74
J219,Additive,88,1.46,107,11.19
J220,Milling,134,1.62,70,4.22
J221,Drilling,83,1.66,95,10.49
J222,Lathe,287,1.27,119,3.14
J223,Additive,49,2.39,58,10.74
J224,Drilling,80,3.61,85,9.63
J225,Milling,16,4.52,22,13.02
J226,Grinding,118,3.11,105,7.9
J227,Drilling,137,3.25,109,6.97
J228,Lathe,81,4.66,77,8.47
J229,Milling,40,4.49,59,13.77
J230,Milling,54,2.36,65,11.13
J231,Additive,23,3.44,36,14.64
J232,Grinding,85,3.62,106,11.48
J233,Milling,263,3.03,88,2.35
J234,Grinding,101,4.31,111,9.95
J235,Lathe,71,4.37,56,6.94
J236,Lathe,29,4.49,26,7.84
J237,Grinding,116,3.53,83,6.17
J238,Additive,116,4.1,95,7.18
J239,Lathe,235,4.42,89,2.79
J240,Grinding,21,3.88,22,9.51
J241,Milling,90,2.65,95,9.52
J242,Lathe,90,4.51,102,10.33
J243,Lathe,103,2.34,56,4.43
J244,Grinding,35,3.75,42,10.91
J245,Additive,65,2.86,25,2.84
J246,Milling,100,1.69,40,3.02
J247,Milling,62,4.81,84,12.46
J248,Drilling,75,4.07,51,5.84
J249,Milling,142,1.48,67,3.71
J250,Milling,107,1.32,79,6.4
J251,Milling,22,1.02,21,8.57
J252,Milling,27,4.59,38,13.14
J253,Milling,39,4.49,43,9.9
J254,Milling,25,1.32,38,14.38
J255,Grinding,30,1.82,38,11.78
J256,Grinding,102,1.73,60,4.89
J257,Additive,197,2.86,120,5.09
J258,Drilling,27,1.58,28,9.23
J259,Lathe,29,2.91,24,7.41
J260,Milling,85,4.35,47,4.55
J261,Drilling,182,3.48,104,4.72
J262,Grinding,218,4.82,114,4.24
J263,Lathe,24,3.65,38,14.87
J264,Grinding,48,2.61,72,13.92
J265,Milling,136,2.77,97,6.15
J266,Milling,72,2.68,96,12.26
J267,Drilling,109,4.42,101,8.25
J268,Lathe,132,4.24,105,6.98
J269,Grinding,50,1.49,25,4.0
J270,Drilling,49,4.32,75,14.44
J271,Grinding,25,1.78,21,7.47
J272,Lathe,37,3.17,55,13.68
J273,Milling,121,3.08,78,5.42
J274,Lathe,38,2.17,20,4.29
J275,Additive,60,3.21,94,14.67
J276,Milling,149,2.96,78,4.23
J277,Lathe,57,2.0,76,12.37
J278,Additive,38,2.08,58,14.2
J279,Milling,186,2.15,64,2.45
J280,Drilling,62,2.62,66,9.66
J281,Lathe,61,4.82,59,8.66
J282,Lathe,27,3.17,30,10.21
J283,Additive,35,1.52,37,9.47
J284,Grinding,48,3.32,71,13.8
J285,Additive,74,3.25,106,13.31
J286,Additive,139,3.22,107,6.69
J287,Lathe,145,3.31,95,5.56
J288,Additive,48,2.97,36,6.56
J289,Grinding,150,1.49,97,5.47
J290,Grinding,69,3.82,81,10.72
J291,Milling,19,5.0,26,12.76
J292,Additive,86,2.41,93,9.8
J293,Drilling,73,1.8,103,13.09
J294,Drilling,116,4.27,90,6.74
J295,Additive,33,2.46,39,10.97
J296,Additive,53,2.96,76,13.25
J297,Grinding,259,2.14,79,2.05
J298,Additive,200,2.19,116,4.79
J299,Drilling,47,1.42,23,3.92
J300,Additive,28,3.42,20,6.24
J301,Drilling,143,3.16,87,5.09
J302,Drilling,33,2.25,52,14.65
J303,Additive,51,1.5,38,6.46
J304,Drilling,107,1.07,75,6.02
J305,Additive,66,4.33,89,12.46
J306,Lathe,74,2.92,77,9.46
J307,Lathe,112,3.25,89,6.97
J308,Additive,113,1.25,50,3.41
J309,Additive,57,3.07,71,11.53
J310,Grinding,54,2.35,50,8.24
J311,Milling,60,3.76,85,13.06
J312,Drilling,121,2.86,95,6.84
J313,Milling,104,2.52,59,4.65
J314,Grinding,98,4.39,113,10.52
J315,Grinding,90,4.4,51,4.67
J316,Milling,69,3.4,105,14.25
J317,Additive,123,4.77,70,4.67
J318,Drilling,78,3.6,87,10.22
J319,Milling,20,3.45,23,10.48
J320,Grinding,105,2.91,39,2.7
J321,Additive,62,4.49,70,10.34
J322,Lathe,70,3.62,80,10.42
J323,Grinding,131,2.23,90,5.88
J324,Lathe,17,3.12,21,11.65
J325,Grinding,191,3.95,112,4.85
J326,Additive,105,3.87,60,4.74
J327,Grinding,59,2.87,73,11.29
J328,Milling,39,2.3,57,13.77
J329,Additive,203,4.25,74,2.64
J330,Additive,56,4.14,54,8.66
J331,Additive,40,4.45,27,5.78
J332,Grinding,108,1.19,114,9.52
J333,Lathe,49,1.15,61,11.45
J334,Milling,107,2.7,67,5.28
J335,Additive,42,2.63,59,13.01
J336,Grinding,22,4.69,25,10.4
J337,Lathe,55,2.15,78,13.17
J338,Additive,47,2.04,71,13.97
J339,Lathe,59,1.8,74,11.52
J340,Drilling,74,2.2,58,6.8
J341,Grinding,65,1.18,96,13.66
J342,Grinding,197,1.92,118,5.0
J343,Grinding,88,4.88,100,10.38
J344,Lathe,59,3.32,94,14.98
J345,Lathe,53,3.07,37,6.03
J346,Drilling,20,3.59,29,13.78
J347,Lathe,47,4.02,73,14.45
J348,Drilling,94,1.74,92,8.79
J349,Grinding,76,3.27,86,10.39
J350,Additive,65,2.11,77,10.81
J351,Additive,47,2.12,51,9.83
J352,Lathe,62,2.46,93,14.04
J353,Additive,52,2.46,36,5.98
J354,Grinding,42,1.3,61,13.62
J355,Drilling,126,4.99,87,5.88
J356,Lathe,91,2.22,101,10.12
J357,Additive,94,2.75,116,11.31
J358,Grinding,67,4.12,66,8.79
J359,Grinding,100,2.73,90,7.96
J360,Additive,32,1.81,29,8.0
J361,Drilling,153,4.31,83,4.43
J362,Drilling,37,1.25,50,12.64
J363,Milling,280,4.13,118,3.21
J364,Additive,155,2.57,115,6.41
J365,Additive,101,4.36,106,9.52
J366,Drilling,35,1.15,47,12.4
J367,Drilling,28,3.64,38,12.38
J368,Grinding,63,3.79,63,8.96
J369,Grinding,109,1.6,76,5.98
J370,Milling,31,4.43,47,14.26
J371,Lathe,59,2.29,32,4.38
J372,Lathe,78,4.54,78,9.06
J373,Grinding,188,1.1,95,4.05
J374,Milling,57,3.88,48,7.49
J375,Additive,84,1.59,110,12.16
J376,Drilling,37,3.87,52,13.19
J377,Milling,86,2.39,61,6.11
J378,Grinding,109,1.78,63,4.78
J379,Additive,77,4.05,47,5.13
J380,Lathe,81,3.25,46,4.7
J381,Additive,101,1.33,89,7.85
J382,Lathe,46,3.53,72,14.49
J383,Lathe,139,1.09,65,3.68
J384,Grinding,40,2.66,50,11.62
J385,Milling,127,4.75,59,3.65
J386,Grinding,113,2.75,73,5.47
J387,Grinding,77,3.21,42,4.47
J388,Milling,19,1.2,24,11.46
J389,Additive,71,4.56,71,9.02
J390,Grinding,62,3.63,76,11.35
J391,Lathe,60,2.59,35,4.83
J392,Milling,81,2.92,96,10.86
J393,Grinding,223,2.96,69,2.09
J394,Milling,63,2.5,74,10.7
J395,Lathe,47,2.89,66,13.0
J396,Milling,85,1.98,67,6.88
J397,Lathe,24,4.28,23,8.52
J398,Grinding,55,4.09,82,13.87
J399,Additive,61,4.76,80,12.18
J400,Grinding,74,4.34,24,2.23
J401,Grinding,54,4.27,49,8.1
J402,Milling,96,2.94,113,10.78
J403,Grinding,90,2.07,113,11.6
J404,Milling,73,1.16,89,11.11
J405,Drilling,110,3.04,100,8.05
J406,Drilling,193,1.32,87,3.5
J407,Drilling,93,4.92,120,11.91
J408,Drilling,63,1.42,54,7.62
J409,Grinding,23,2.94,31,12.64
J410,Milling,247,3.4,93,2.77
J411,Grinding,73,2.37,96,12.16
J412,Lathe,117,4.53,46,2.94
J413,Grinding,42,1.53,22,4.23
J414,Grinding,101,3.26,31,2.08
J415,Lathe,40,1.15,33,7.35
J416,Additive,82,3.38,107,11.97
J417,Drilling,63,4.98,50,6.94
J418,Grinding,44,1.35,40,8.17
J419,Lathe,30,1.3,43,13.53
J420,Additive,87,3.69,115,12.24
J421,Milling,90,4.3,96,9.69
J422,Additive,163,1.49,119,6.31
J423,Grinding,75,3.04,105,12.92
J424,Milling,64,1.35,64,8.93
J425,Drilling,96,4.96,110,10.48
J426,Milling,91,4.02,74,7.11
J427,Milling,57,3.79,64,10.25
J428,Milling,31,3.22,37,11.13
J429,Drilling,42,4.36,60,13.16
J430,Lathe,32,3.39,44,12.69
J431,Grinding,152,2.09,48,2.15
J432,Lathe,78,3.14,105,12.39
J433,Milling,44,1.52,46,9.54
J434,Grinding,57,3.21,87,14.22
J435,Grinding,87,4.42,51,4.84
J436,Drilling,138,3.55,59,3.27
J437,Additive,45,4.6,57,11.57
J438,Drilling,73,4.6,109,14.03
J439,Drilling,142,3.4,115,7.11
J440,Lathe,268,3.57,98,2.65
J441,Drilling,107,2.83,62,4.8
J442,Drilling,210,2.77,97,3.62
J443,Lathe,83,2.1,109,12.1
J444,Grinding,36,4.32,56,14.6
J445,Lathe,92,3.54,56,5.06
J446,Lathe,53,2.2,62,10.68
J447,Milling,177,3.02,73,3.13
J448,Drilling,39,4.17,54,12.99
J449,Grinding,267,4.65,118,3.42
J450,Milling,171,4.11,95,4.55
J451,Grinding,109,4.92,109,9.01
J452,Drilling,125,1.82,110,7.81
J453,Additive,186,3.78,113,5.09
J454,Additive,69,4.44,55,6.99
J455,Grinding,319,3.88,107,2.35
J456,Drilling,87,4.58,75,7.59
J457,Additive,66,4.92,101,14.23
J458,Grinding,80,4.18,110,12.73
J459,Grinding,80,4.68,93,10.61
J460,Grinding,183,4.89,105,4.74
J461,Drilling,46,4.06,50,9.95
J462,Grinding,54,4.34,46,7.51
J463,Grinding,20,2.31,28,13.03
J464,Lathe,240,1.46,92,2.84
J465,Milling,81,4.19,28,2.46
J466,Milling,17,4.8,21,11.49
J467,Grinding,32,1.76,37,10.63
J468,Milling,40,1.8,42,9.42
J469,Additive,117,4.17,119,9.17
J470,Drilling,43,1.8,56,11.98
J471,Lathe,67,1.72,22,2.3
J472,Grinding,93,4.92,79,7.54
J473,Lathe,61,3.84,80,12.21
J474,Grinding,78,2.98,52,5.65
J475,Lathe,113,2.07,106,8.41
J476,Lathe,161,2.88,83,4.14
J477,Drilling,23,1.23,35,14.52
J478,Milling,39,3.89,34,7.69
J479,Milling,141,4.82,66,3.68
J480,Grinding,87,2.3,54,5.21
J481,Grinding,39,1.84,38,8.81
J482,Additive,104,2.88,73,5.99
J483,Milling,82,4.0,33,3.04
J484,Additive,142,1.43,111,6.81
J485,Lathe,34,3.38,34,9.0
J486,Grinding,58,2.91,53,8.12
J487,Lathe,98,3.23,100,9.22
J488,Milling,144,2.1,95,5.58
J489,Lathe,72,1.82,37,4.17
J490,Grinding,126,1.69,81,5.42
J491,Milling,24,3.67,36,13.87
J492,Additive,100,3.69,65,5.53
J493,Additive,92,4.47,100,9.82
J494,Milling,90,1.21,71,6.85
J495,Drilling,61,2.42,44,6.16
J496,Milling,41,3.58,38,8.37
J497,Drilling,21,4.94,23,10.07
J498,Drilling,106,2.27,97,8.17
J499,Grinding,72,4.3,69,8.55
J500,Additive,48,1.39,48,9.05
J501,Lathe,68,1.3,48,6.1
J502,Milling,77,3.91,91,10.83
J503,Additive,59,1.76,90,14.29
J504,Lathe,54,2.22,81,13.88
J505,Milling,51,1.28,74,13.58
J506,Milling,117,3.94,117,8.99
J507,Drilling,14,1.45,22,14.51
J508,Grinding,100,2.59,77,6.72
J509,Milling,102,3.39,103,9.13
J510,Drilling,40,4.26,61,14.14
J511,Grinding,73,1.93,74,9.07
J512,Additive,186,4.9,98,4.27
J513,Lathe,46,2.55,72,14.65
J514,Grinding,107,1.84,116,9.83
J515,Lathe,78,1.54,40,4.16
J516,Drilling,87,4.83,50,4.77
J517,Lathe,42,4.64,66,14.84
J518,Lathe,120,2.64,61,4.09
J519,Drilling,63,3.6,96,14.32
J520,Additive,45,3.26,34,6.56
J521,Milling,40,4.81,62,14.46
J522,Lathe,18,2.81,24,11.99
J523,Additive,65,1.32,52,6.94
J524,Additive,53,3.18,62,10.68
J525,Milling,83,2.66,92,10.02
J526,Grinding,71,3.61,76,9.64
J527,Milling,161,1.08,67,3.15
J528,Grinding,35,3.58,28,7.02
J529,Drilling,97,4.91,102,9.47
J530,Milling,80,1.4,87,9.93
J531,Grinding,91,1.21,90,8.86
J532,Additive,185,4.5,106,4.73
J533,Drilling,142,1.54,112,6.86
J534,Lathe,131,3.14,61,3.66
J535,Drilling,57,4.9,45,6.96
J536,Grinding,125,2.32,100,6.97
J537,Lathe,32,3.05,48,13.96
J538,Lathe,237,1.12,75,2.16
J539,Drilling,100,2.94,116,10.59
J540,Lathe,130,3.88,60,3.62
J541,Additive,97,1.81,53,4.45
J542,Drilling,33,3.57,47,13.17
J543,Lathe,199,2.12,87,3.37
J544,Lathe,132,1.3,89,5.76
J545,Lathe,65,4.19,50,6.67
J546,Lathe,111,2.77,95,7.55
J547,Lathe,135,2.75,100,6.39
J548,Additive,34,2.81,21,5.14
J549,Additive,39,1.61,61,14.7
J550,Lathe,43,2.98,31,6.28
J551,Drilling,140,3.36,85,5.05
J552,Additive,54,4.76,68,11.58
J553,Lathe,47,3.11,63,12.39
J554,Milling,117,1.42,93,6.97
J555,Additive,28,1.61,37,12.3
J556,Additive,57,3.93,36,5.37
J557,Drilling,78,3.61,44,4.66
J558,Drilling,57,4.07,56,8.89
J559,Lathe,107,1.78,114,9.67
J560,Grinding,60,2.66,79,12.1
J561,Milling,47,1.65,44,8.3
J562,Lathe,94,3.38,108,10.49
J563,Milling,94,1.36,80,7.48
J564,Grinding,84,2.72,112,12.39
J565,Milling,75,3.16,110,13.71
J566,Grinding,152,2.91,108,6.09
J567,Milling,105,3.42,88,7.35
J568,Grinding,213,2.7,74,2.47
J569,Grinding,46,3.08,52,10.42
J570,Grinding,47,3.17,67,13.2
J571,Drilling,91,4.71,85,8.37
J572,Additive,72,1.44,90,11.44
J573,Lathe,90,1.02,70,6.78
J574,Milling,35,2.31,23,5.63
J575,Additive,374,1.99,120,2.21
J576,Lathe,139,2.29,65,3.67
J577,Drilling,162,3.71,99,5.13
J578,Lathe,159,2.88,84,4.29
J579,Drilling,64,3.36,94,13.75
J580,Milling,28,3.96,28,9.13
J581,Additive,55,3.37,67,11.24
J582,Grinding,128,2.67,95,6.41
J583,Milling,39,4.15,56,13.47
J584,Additive,55,2.4,32,4.86
J585,Lathe,67,4.47,41,5.15
J586,Additive,80,4.59,88,10.05
J587,Additive,101,4.67,80,6.9
J588,Grinding,69,3.57,96,13.0
J589,Additive,42,4.06,54,11.89
J590,Lathe,246,1.72,110,3.47
J591,Additive,48,1.8,70,13.68
J592,Milling,91,2.89,69,6.62
J593,Grinding,120,3.12,87,6.22
J594,Drilling,64,2.22,84,12.13
J595,Lathe,24,4.3,26,9.83
J596,Additive,52,4.69,21,3.03
J597,Milling,53,3.02,64,11.0
J598,Additive,297,4.33,102,2.43
J599,Lathe,106,4.49,85,7.05
J600,Milling,54,4.72,63,10.66
J601,Milling,44,3.89,60,12.62
J602,Lathe,88,4.02,79,7.93
J603,Lathe,108,3.24,90,7.32
J604,Grinding,174,4.66,104,4.99
J605,Additive,24,1.43,25,9.27
J606,Grinding,83,3.62,103,11.35
J607,Milling,53,4.97,79,13.93
J608,Lathe,143,3.36,118,7.23
J609,Lathe,208,3.04,85,3.08
J610,Lathe,335,2.91,116,2.46
J611,Lathe,83,2.38,70,7.41
J612,Lathe,68,1.55,102,14.0
J613,Additive,94,4.02,66,6.01
J614,Lathe,115,4.24,77,5.71
J615,Milling,40,3.24,53,12.27
J616,Additive,63,1.45,45,6.11
J617,Drilling,55,2.09,66,11.05
J618,Lathe,65,3.83,94,13.39
J619,Grinding,90,1.04,114,11.61
J620,Additive,77,3.85,112,13.5
J621,Drilling,59,4.68,58,8.91
J622,Grinding,330,1.93,107,2.24
J623,Grinding,107,2.43,109,9.16
J624,Additive,19,1.92,29,14.55
J625,Drilling,55,3.36,70,11.67
J626,Drilling,141,3.13,52,2.68
J627,Grinding,164,3.22,72,3.4
J628,Drilling,152,1.5,119,6.85
J629,Milling,284,1.3,112,2.94
J630,Additive,54,4.02,39,6.18
J631,Lathe,289,4.54,105,2.63
J632,Grinding,35,2.1,51,13.64
J633,Milling,65,4.42,98,14.08
J634,Drilling,83,3.26,87,9.49
J635,Milling,116,1.54,103,7.9
J636,Milling,136,1.45,73,4.36
J637,Grinding,60,2.13,85,13.13
J638,Drilling,184,3.8,93,4.06
J639,Grinding,318,1.37,102,2.21
J640,Lathe,47,1.78,36,6.59
J641,Grinding,271,2.8,113,3.17
J642,Lathe,33,4.66,43,11.89
J643,Grinding,89,4.74,61,5.82
J644,Drilling,58,4.04,87,14.09
J645,Milling,53,2.32,50,8.42
J646,Additive,210,3.69,118,4.63
J647,Grinding,62,2.44,97,14.54
J648,Additive,47,1.71,56,11.0
J649,Additive,150,1.69,57,2.81
J650,Drilling,95,1.34,100,9.56
J651,Drilling,52,3.41,37,6.08
J652,Additive,56,2.29,25,3.47
J653,Drilling,15,1.59,21,12.56
J654,Drilling,133,2.03,59,3.42
J655,Milling,82,4.76,46,4.61
J656,Grinding,23,3.68,23,8.99
J657,Grinding,86,3.91,101,10.7
J658,Drilling,152,4.08,60,2.94
J659,Milling,40,1.18,61,14.09
J660,Milling,290,4.59,120,3.14
J661,Lathe,56,3.82,79,13.23
J662,Milling,59,1.73,30,4.05
J663,Lathe,107,1.83,112,9.51
J664,Additive,298,4.86,97,2.25
J665,Lathe,50,1.12,45,7.92
J666,Additive,178,2.92,71,2.99
J667,Milling,94,2.63,71,6.57
J668,Additive,23,3.36,29,11.77
J669,Additive,57,3.22,39,5.85
J670,Grinding,72,4.21,84,10.61
J671,Drilling,118,3.0,116,8.84
J672,Grinding,35,1.72,30,7.5
J673,Grinding,97,2.43,102,9.49
J674,Additive,126,4.68,99,6.84
J675,Grinding,49,3.67,25,4.14
J676,Milling,81,1.37,108,12.39
J677,Additive,98,4.61,111,10.3
J678,Additive,37,4.05,58,14.55
J679,Drilling,65,1.65,76,10.69
J680,Additive,20,3.12,24,11.09
J681,Grinding,56,4.08,67,11.06
J682,Milling,91,1.73,46,4.04
J683,Grinding,58,2.22,46,6.99
J684,Grinding,19,1.46,28,13.43
J685,Additive,71,4.39,81,10.4
J686,Milling,61,4.76,37,5.02
J687,Drilling,64,1.84,78,11.24
J688,Milling,73,4.75,62,7.47
J689,Lathe,36,1.17,25,5.92
J690,Lathe,34,3.73,40,10.82
J691,Milling,162,3.48,87,4.38
J692,Drilling,164,4.66,83,4.07
J693,Lathe,139,4.51,59,3.23
J694,Drilling,23,2.77,23,9.15
J695,Milling,82,3.71,80,8.73
J696,Lathe,122,1.81,114,8.34
J697,Grinding,86,2.08,74,7.6
J698,Milling,40,2.46,56,13.15
J699,Lathe,62,3.94,60,8.62
J700,Drilling,112,3.16,105,8.39
J701,Additive,162,2.37,114,6.02
J702,Lathe,28,3.85,45,14.9
J703,Additive,48,1.08,41,7.52
J704,Lathe,38,4.1,39,9.13
J705,Lathe,128,3.45,85,5.62
J706,Drilling,93,1.2,85,8.14
J707,Milling,57,4.77,41,6.24
J708,Lathe,128,4.73,94,6.32
J709,Lathe,57,4.37,81,13.22
J710,Grinding,58,1.76,77,12.33
J711,Grinding,30,2.54,38,11.54
J712,Drilling,58,1.35,80,12.83
J713,Milling,55,2.52,80,13.55
J714,Milling,66,1.5,42,5.4
J715,Lathe,98,4.22,51,4.22
J716,Additive,64,3.67,27,3.19
J717,Drilling,182,3.22,96,4.28
J718,Additive,160,1.79,101,5.32
J719,Milling,154,3.19,92,4.96
J720,Additive,241,1.24,91,2.78
J721,Lathe,74,3.07,66,7.93
J722,Drilling,26,2.43,40,14.48
J723,Lathe,214,2.2,119,4.56
J724,Additive,32,2.69,32,9.08
J725,Lathe,86,4.78,117,12.68
J726,Grinding,174,1.51,117,5.72
J727,Grinding,22,2.08,30,12.34
J728,Additive,93,4.48,67,6.24
J729,Lathe,90,4.22,49,4.45
J730,Additive,389,4.63,119,2.06
J731,Additive,77,2.94,115,13.99
J732,Drilling,93,2.07,31,2.33
J733,Lathe,115,4.02,82,6.14
J734,Lathe,75,4.08,71,8.52
J735,Milling,71,4.41,54,6.6
J736,Grinding,34,2.13,27,6.99
J737,Lathe,17,2.04,20,10.93
J738,Additive,46,2.97,74,14.94
J739,Additive,77,2.11,98,11.77
J740,Additive,45,4.6,58,11.98
J741,Drilling,27,3.46,38,12.99
J742,Additive,54,1.17,75,12.89
J743,Drilling,67,2.52,53,6.9
J744,Lathe,109,3.2,98,7.96
J745,Drilling,52,2.97,35,5.72
J746,Milling,35,1.14,30,7.66
J747,Lathe,26,2.57,36,13.05
J748,Milling,118,2.43,94,6.97
J749,Grinding,53,1.56,69,12.09
J750,Drilling,84,1.7,74,7.82
J751,Drilling,242,3.87,90,2.72
J752,Lathe,84,4.64,110,12.13
J753,Grinding,117,1.51,50,3.29
J754,Milling,123,3.57,117,8.53
J755,Grinding,100,2.89,120,10.96
J756,Grinding,23,4.24,29,11.47
J757,Grinding,76,1.74,67,7.84
J758,Drilling,96,1.9,32,2.32
J759,Drilling,84,1.12,113,12.41
J760,Drilling,35,1.66,26,6.33
J761,Milling,113,1.83,87,6.72
J762,Lathe,62,4.14,76,11.27
J763,Additive,68,2.65,84,11.37
J764,Grinding,229,4.25,97,3.23
J765,Lathe,15,3.92,21,12.69
J766,Grinding,99,2.55,98,8.86
J767,Grinding,273,1.83,112,3.11
J768,Milling,138,2.13,87,5.3
J769,Drilling,111,2.3,59,4.32
J770,Grinding,96,4.21,105,9.96
J771,Additive,321,3.69,103,2.21
J772,Milling,55,3.81,71,12.02
J773,Grinding,151,1.9,120,6.96
J774,Additive,47,2.43,69,13.76
J775,Lathe,85,4.73,34,3.0
J776,Milling,137,1.86,118,7.64
J777,Additive,33,1.25,44,12.18
J778,Additive,52,4.9,75,13.52
J779,Grinding,150,3.67,64,3.28
J780,Grinding,20,2.3,31,14.58
J781,Milling,107,2.8,103,8.66
J782,Drilling,51,1.99,42,7.26
J783,Drilling,55,2.84,73,12.23
J784,Additive,145,4.55,118,7.16
J785,Lathe,157,4.92,97,5.17
J786,Drilling,126,3.39,110,7.71
J787,Grinding,76,4.07,92,11.17
J788,Drilling,136,2.78,85,5.25
J789,Grinding,17,4.76,25,13.34
J790,Milling,29,4.43,28,8.66
J791,Additive,257,3.15,106,3.13
J792,Additive,138,4.97,70,4.08
J793,Milling,101,1.41,99,8.8
J794,Milling,121,3.28,93,6.66
J795,Drilling,268,4.17,109,3.07
J796,Grinding,95,3.76,119,11.52
J797,Lathe,270,4.21,99,2.67
J798,Milling,39,3.76,44,10.31
J799,Milling,124,4.73,104,7.42
J800,Milling,103,1.56,116,10.24
J801,Drilling,55,1.73,55,9.06
J802,Drilling,118,2.43,114,8.67
J803,Additive,101,3.26,104,9.3
J804,Milling,70,3.31,34,3.84
J805,Drilling,58,3.95,54,8.32
J806,Grinding,325,4.33,110,2.38
J807,Milling,116,4.11,99,7.53
J808,Drilling,96,4.73,114,10.93
J809,Additive,145,1.57,93,5.43
J810,Drilling,185,2.93,84,3.53
J811,Drilling,32,1.25,29,7.98
J812,Drilling,20,2.37,24,10.78
J813,Grinding,266,1.86,119,3.48
J814,Additive,69,3.83,104,14.05
J815,Drilling,173,2.35,103,4.94
J816,Milling,22,3.58,34,14.45
J817,Drilling,160,1.46,66,3.12
J818,Grinding,48,4.39,61,11.59
J819,Milling,87,2.54,72,7.28
J820,Lathe,74,3.44,109,13.79
J821,Drilling,25,4.17,24,8.58
J822,Drilling,65,4.96,90,12.86
J823,Lathe,94,2.11,94,8.95
J824,Grinding,238,4.09,93,2.9
J825,Milling,22,4.86,33,14.0
J826,Lathe,160,3.36,67,3.19
J827,Milling,72,1.11,99,12.67
J828,Lathe,52,3.51,58,10.11
J829,Drilling,89,2.94,90,9.06
J830,Milling,55,2.73,24,3.36
J831,Grinding,59,4.88,80,12.55
J832,Grinding,76,3.68,100,12.13
J833,Additive,125,4.31,89,6.12
J834,Milling,51,3.59,71,12.87
J835,Grinding,42,1.84,60,13.14
J836,Drilling,83,1.45,108,12.05
J837,Milling,114,4.38,52,3.56
J838,Grinding,186,1.93,102,4.48
J839,Milling,54,2.77,74,12.74
J840,Grinding,79,4.41,118,14.0
J841,Milling,169,2.38,91,4.38
J842,Milling,59,2.63,88,13.86
J843,Grinding,62,3.36,61,8.88
J844,Drilling,59,1.91,58,8.75
J845,Lathe,26,2.1,40,14.19
J846,Additive,95,3.05,91,8.59
J847,Milling,104,1.87,73,6.05
J848,Grinding,110,1.07,86,6.85
J849,Grinding,54,2.81,53,8.73
J850,Milling,148,2.27,111,6.5
J851,Additive,20,1.63,30,13.94
J852,Grinding,43,2.4,68,14.78
J853,Additive,71,4.64,86,11.14
J854,Milling,49,3.38,68,12.99
J855,Lathe,62,3.63,90,13.56
J856,Milling,73,1.71,62,7.53
J857,Additive,42,2.18,62,13.79
J858,Additive,179,3.5,114,5.38
J859,Milling,25,3.95,28,10.09
J860,Lathe,112,4.42,102,8.07
J861,Drilling,50,2.17,68,12.7
J862,Lathe,160,3.2,56,2.5
J863,Milling,71,2.91,77,9.83
J864,Grinding,68,4.28,79,10.56
J865,Drilling,88,1.95,77,7.76
J866,Grinding,95,4.32,33,2.47
J867,Drilling,183,4.14,81,3.42
J868,Milling,39,2.3,33,7.36
J869,Lathe,27,4.81,39,13.37
J870,Milling,60,2.68,79,12.19
J871,Lathe,50,1.47,72,13.33
J872,Lathe,144,3.74,91,5.32
J873,Lathe,112,1.97,109,8.73
J874,Milling,74,3.84,74,9.06
J875,Additive,59,2.28,85,13.44
J876,Milling,153,3.39,55,2.6
J877,Milling,29,2.41,23,6.93
J878,Milling,258,3.92,116,3.49
J879,Additive,37,2.13,52,13.14
J880,Grinding,205,4.08,64,2.12
J881,Grinding,92,3.08,105,10.44
J882,Lathe,71,3.27,60,7.5
J883,Milling,91,2.12,43,3.75
J884,Grinding,21,3.58,32,13.96
J885,Drilling,46,4.98,45,8.68
J886,Drilling,24,3.75,25,9.4
J887,Lathe,84,1.69,105,11.47
J888,Additive,156,4.87,82,4.26
J889,Milling,197,3.51,78,2.95
J890,Drilling,20,2.53,30,13.66
J891,Milling,250,3.14,104,3.16
J892,Drilling,29,4.65,43,14.03
J893,Lathe,87,3.22,115,12.2
J894,Milling,51,1.58,68,12.26
J895,Additive,104,1.32,82,6.89
J896,Grinding,357,1.24,109,2.05
J897,Grinding,58,2.04,60,9.29
J898,Additive,19,4.77,20,9.81
J899,Lathe,49,1.47,75,14.44
J900,Lathe,78,2.77,59,6.61
J901,Drilling,72,1.4,94,12.06
J902,Lathe,71,2.44,103,13.56
J903,Grinding,61,4.04,95,14.48
J904,Drilling,48,1.12,65,12.46
J905,Lathe,59,2.79,48,7.14
J906,Additive,122,4.27,60,3.92
J907,Drilling,58,1.98,90,14.41
J908,Milling,70,3.41,106,14.25
J909,Additive,79,4.29,116,13.6
J910,Additive,29,4.83,38,12.13
J911,Grinding,219,2.55,112,4.12
J912,Milling,48,3.6,72,13.88
J913,Additive,23,2.37,31,12.76
J914,Lathe,68,1.17,72,9.64
J915,Additive,63,4.4,83,12.24
J916,Drilling,31,4.75,31,8.94
J917,Grinding,55,2.11,40,6.24
J918,Grinding,89,2.0,116,12.06
J919,Grinding,38,1.71,48,11.56
J920,Additive,41,4.26,43,9.59
J921,Grinding,106,2.73,90,7.46
J922,Drilling,89,1.62,46,4.17
J923,Milling,59,4.85,91,14.43
J924,Drilling,209,4.24,84,3.01
J925,Additive,46,3.4,30,5.58
J926,Grinding,205,3.91,115,4.62
J927,Drilling,83,1.4,60,6.27
J928,Additive,116,4.46,100,7.59
J929,Lathe,106,1.19,95,7.99
J930,Lathe,97,3.12,101,9.44
J931,Lathe,91,1.12,55,5.05
J932,Lathe,43,3.5,41,8.53
J933,Lathe,94,4.01,49,4.23
J934,Drilling,68,1.12,88,11.95
J935,Drilling,132,3.28,81,5.14
J936,Drilling,16,2.67,22,13.15
J937,Drilling,66,4.28,103,14.71
J938,Drilling,44,1.97,47,9.72
J939,Drilling,56,3.28,50,7.97
J940,Milling,126,2.31,87,5.9
J941,Lathe,69,2.88,105,14.3
J942,Additive,34,4.73,20,4.97
J943,Grinding,52,2.17,71,12.6
J944,Additive,57,4.31,43,6.5
J945,Lathe,95,3.1,33,2.46
J946,Lathe,131,1.94,45,2.43
J947,Drilling,93,2.99,88,8.42
J948,Milling,123,1.29,100,7.13
J949,Drilling,37,3.01,57,14.36
J950,Drilling,184,4.7,92,4.0
J951,Drilling,147,2.42,81,4.52
J952,Lathe,22,1.69,24,10.01
J953,Lathe,124,2.85,103,7.28
J954,Grinding,82,4.54,39,3.74
J955,Drilling,35,1.02,55,14.79
J956,Lathe,63,2.71,51,7.12
J957,Drilling,91,3.98,90,8.91
J958,Grinding,115,3.02,44,2.83
J959,Additive,54,4.28,84,14.44
J960,Additive,218,2.17,88,3.03
J961,Milling,287,4.15,93,2.24
J962,Grinding,57,4.64,67,10.74
J963,Additive,82,3.83,101,11.33
J964,Additive,73,4.86,66,8.07
J965,Drilling,31,2.38,43,12.77
J966,Lathe,100,1.49,114,10.41
J967,Additive,65,4.38,64,8.79
J968,Milling,23,3.55,32,13.1
J969,Drilling,33,4.5,32,8.68
J970,Grinding,139,2.78,75,4.4
J971,Drilling,209,1.88,119,4.69
J972,Drilling,50,4.67,59,10.72
J973,Milling,48,4.43,61,11.68
J974,Additive,27,2.81,41,14.04
J975,Lathe,83,1.35,93,10.22
J976,Additive,99,4.23,101,9.23
J977,Milling,98,1.73,78,7.0
J978,Milling,89,3.57,98,10.05
J979,Additive,93,1.15,100,9.77
J980,Additive,53,4.16,71,12.3
J981,Drilling,50,1.89,80,14.98
J982,Additive,19,1.29,27,13.25
J983,Lathe,30,2.85,46,14.1
J984,Grinding,74,2.02,74,9.05
J985,Additive,155,3.71,103,5.66
J986,Additive,132,3.47,60,3.53
J987,Lathe,101,1.9,120,10.87
J988,Milling,106,3.38,104,8.83
J989,Milling,133,3.77,89,5.67
J990,Milling,63,1.62,87,12.82
J991,Milling,49,3.05,36,6.33
J992,Grinding,108,4.27,83,6.7
J993,Lathe,96,3.68,105,9.95
J994,Milling,90,3.35,94,9.39
J995,Drilling,78,4.37,118,14.12
J996,Milling,106,4.86,50,3.71
J997,Lathe,144,2.72,60,3.17
J998,Lathe,68,1.31,102,14.1
J999,Lathe,74,2.4,75,9.08
LIMITS,,,5.0,120,14.0
